Identifier,Name,Homework,Exams,Final Score,Rank
ASD34567,"Adhikari, Ayushman",0.88125,0.9903591717172572,0.9521709616162171,1.0
MXL12345,"Lambert, Malaika ",0.73125,0.8762922015969967,0.8255274310380478,2.0
GHY45678,"Bhattarai, Ashesh",0.8875,0.7405771427427282,0.7920001427827734,3.0
WXB12345,"Barrera, Woody",0.7125,0.5116273545241562,0.5819327804407015,4.0
JGF12345,"Flower, Gregg ",0.59375,0.5731207067087073,0.5803409593606598,5.0
TXJ12345,"Joyce, Traci",0.34375,0.4664265336958088,0.4234897469022757,6.0
